{
    "success_rate": 1.0,
    "mean_latency_ms": 29.215698116479324,
    "p99_latency_ms": 40.33417474842281,
    "mean_power_watts": 23.722163994581347,
    "peak_power_watts": 31.34623989191904,
    "peak_memory_mb": 24203.640625,
    "total_episodes": 100
}