{
    "success_rate": 1.0,
    "mean_latency_ms": 29.25560670302366,
    "p99_latency_ms": 40.08231666230131,
    "mean_power_watts": 23.80762524259914,
    "peak_power_watts": 30.411699881461022,
    "peak_memory_mb": 1555.75,
    "total_episodes": 5
}